[
  {
    "id": "001",
    "img": "assets/images/user/user1.jpg",
    "designation": "Peon",
    "email": "test@email.com",
    "date": "2018-02-25T14:22:18Z",
    "mobile": "1234567890",
    "name": "Bertie Jones",
    "address": "11,Shyam appt. Rajkot"
  },
  {
    "id": "002",
    "img": "assets/images/user/user2.jpg",
    "designation": "Clerk",
    "email": "test@email.com",
    "date": "2018-02-12T14:22:18Z",
    "mobile": "1234567890",
    "name": "Sarah Smith",
    "address": "22,tilak appt. surat"
  },
  {
    "id": "003",
    "img": "assets/images/user/user3.jpg",
    "designation": "Librarian",
    "email": "test@email.com",
    "date": "2018-02-25T14:22:18Z",
    "mobile": "1234567890",
    "name": "Bethaney Spence",
    "address": "201, Shyamal, Puna"
  },
  {
    "id": "004",
    "img": "assets/images/user/user4.jpg",
    "designation": "Clerk",
    "email": "test@email.com",
    "date": "2018-02-25T14:22:18Z",
    "mobile": "1234567890",
    "name": "Jay Soni",
    "address": "11,Shyam appt. Rajkot"
  },
  {
    "id": "005",
    "img": "assets/images/user/user5.jpg",
    "designation": "Purchase Officer",
    "email": "test@email.com",
    "date": "2018-02-25T14:22:18Z",
    "mobile": "1234567890",
    "name": "Pam Abbott",
    "address": "11,Shyam appt. Rajkot"
  },
  {
    "id": "006",
    "img": "assets/images/user/user6.jpg",
    "designation": "Receptionist",
    "email": "test@email.com",
    "date": "2018-02-25T14:22:18Z",
    "mobile": "1234567890",
    "name": "Wesley Casey",
    "address": "11,Shyam appt. Rajkot"
  },
  {
    "id": "007",
    "img": "assets/images/user/user7.jpg",
    "designation": "Clerk",
    "email": "test@email.com",
    "date": "2018-02-25T14:22:18Z",
    "mobile": "1234567890",
    "name": "Ivan Bell",
    "address": "11,Shyam appt. Rajkot"
  },
  {
    "id": "008",
    "img": "assets/images/user/user8.jpg",
    "designation": "Teacher",
    "email": "test@email.com",
    "date": "2018-02-25T14:22:18Z",
    "mobile": "1234567890",
    "name": "Jay Soni",
    "address": "11,Shyam appt. Rajkot"
  },
  {
    "id": "009",
    "img": "assets/images/user/user9.jpg",
    "designation": "Driver",
    "email": "test@email.com",
    "date": "2018-02-25T14:22:18Z",
    "mobile": "1234567890",
    "name": "Robin Graves",
    "address": "11,Shyam appt. Rajkot"
  },
  {
    "id": "010",
    "img": "assets/images/user/user10.jpg",
    "designation": "Clerk",
    "email": "test@email.com",
    "date": "2018-02-25T14:22:18Z",
    "mobile": "1234567890",
    "name": "Elsie Cruz",
    "address": "11,Shyam appt. Rajkot"
  },
  {
    "id": "011",
    "img": "assets/images/user/user1.jpg",
    "designation": "Receptionist",
    "email": "test@email.com",
    "date": "2018-02-25T14:22:18Z",
    "mobile": "1234567890",
    "name": "Jay Soni",
    "address": "11,Shyam appt. Rajkot"
  },
  {
    "id": "012",
    "img": "assets/images/user/user1.jpg",
    "designation": "Peon",
    "email": "test@email.com",
    "date": "2018-02-25T14:22:18Z",
    "mobile": "1234567890",
    "name": "Justin Copeland",
    "address": "11,Shyam appt. Rajkot"
  },
  {
    "id": "013",
    "img": "assets/images/user/user2.jpg",
    "designation": "Clerk",
    "email": "test@email.com",
    "date": "2018-02-25T14:22:18Z",
    "mobile": "1234567890",
    "name": "Sarah Smith",
    "address": "22,tilak appt. surat"
  },
  {
    "id": "014",
    "img": "assets/images/user/user3.jpg",
    "designation": "Librarian",
    "email": "test@email.com",
    "date": "2018-02-25T14:22:18Z",
    "mobile": "1234567890",
    "name": "Kendra King",
    "address": "201, Shyamal, Puna"
  },
  {
    "id": "015",
    "img": "assets/images/user/user4.jpg",
    "designation": "Clerk",
    "email": "test@email.com",
    "date": "2018-02-25T14:22:18Z",
    "mobile": "1234567890",
    "name": "Jay Soni",
    "address": "11,Shyam appt. Rajkot"
  },
  {
    "id": "016",
    "img": "assets/images/user/user5.jpg",
    "designation": "Purchase Officer",
    "email": "test@email.com",
    "date": "2018-02-25T14:22:18Z",
    "mobile": "1234567890",
    "name": "Alexandra Clarke",
    "address": "11,Shyam appt. Rajkot"
  }
]
