[
  {
    "id": "001",
    "img": "assets/images/user/user1.jpg",
    "gender": "male",
    "email": "test@email.com",
    "date": "2018-02-25T14:22:18Z",
    "department": "mathematics",
    "mobile": "1234567890",
    "name": "John Deo",
    "rollNo": "1"
  },
  {
    "id": "002",
    "img": "assets/images/user/user2.jpg",
    "gender": "female",
    "email": "test@email.com",
    "date": "2018-02-12T14:22:18Z",
    "department": "civil",
    "mobile": "1234567890",
    "name": "Sarah Smith",
    "rollNo": "2"
  },
  {
    "id": "003",
    "img": "assets/images/user/user3.jpg",
    "gender": "male",
    "email": "test@email.com",
    "date": "2018-02-25T14:22:18Z",
    "department": "computer",
    "mobile": "1234567890",
    "name": "John Deo",
    "rollNo": "3"
  },
  {
    "id": "004",
    "img": "assets/images/user/user4.jpg",
    "gender": "female",
    "email": "test@email.com",
    "date": "2018-02-25T14:22:18Z",
    "department": "civil",
    "mobile": "1234567890",
    "name": "Jay Soni",
    "rollNo": "4"
  },
  {
    "id": "005",
    "img": "assets/images/user/user5.jpg",
    "gender": "male",
    "email": "test@email.com",
    "date": "2018-02-25T14:22:18Z",
    "department": "science",
    "mobile": "1234567890",
    "name": "Smita Parikh",
    "rollNo": "5"
  },
  {
    "id": "006",
    "img": "assets/images/user/user6.jpg",
    "gender": "male",
    "email": "test@email.com",
    "date": "2018-02-25T14:22:18Z",
    "department": "computer",
    "mobile": "1234567890",
    "name": "Pankaj Sinha",
    "rollNo": "6"
  },
  {
    "id": "007",
    "img": "assets/images/user/user7.jpg",
    "gender": "male",
    "email": "test@email.com",
    "date": "2018-02-25T14:22:18Z",
    "department": "computer",
    "mobile": "1234567890",
    "name": "Pankaj Sinha",
    "rollNo": "7"
  },
  {
    "id": "008",
    "img": "assets/images/user/user8.jpg",
    "gender": "female",
    "email": "test@email.com",
    "date": "2018-02-25T14:22:18Z",
    "department": "civil",
    "mobile": "1234567890",
    "name": "Jay Soni",
    "rollNo": "8"
  },
  {
    "id": "009",
    "img": "assets/images/user/user9.jpg",
    "gender": "female",
    "email": "test@email.com",
    "date": "2018-02-25T14:22:18Z",
    "department": "mathematics",
    "mobile": "1234567890",
    "name": "Smita Parikh",
    "rollNo": "9"
  },
  {
    "id": "010",
    "img": "assets/images/user/user10.jpg",
    "gender": "male",
    "email": "test@email.com",
    "date": "2018-02-25T14:22:18Z",
    "department": "civil",
    "mobile": "1234567890",
    "name": "Pooja Patel",
    "rollNo": "10"
  },
  {
    "id": "011",
    "img": "assets/images/user/user1.jpg",
    "gender": "female",
    "email": "test@email.com",
    "date": "2018-02-25T14:22:18Z",
    "department": "computer",
    "mobile": "1234567890",
    "name": "Jay Soni",
    "rollNo": "11"
  },
  {
    "id": "012",
    "img": "assets/images/user/user1.jpg",
    "gender": "male",
    "email": "test@email.com",
    "date": "2018-02-25T14:22:18Z",
    "department": "mathematics",
    "mobile": "1234567890",
    "name": "Pooja Patel",
    "rollNo": "12"
  },
  {
    "id": "013",
    "img": "assets/images/user/user2.jpg",
    "gender": "female",
    "email": "test@email.com",
    "date": "2018-02-25T14:22:18Z",
    "department": "civil",
    "mobile": "1234567890",
    "name": "Sarah Smith",
    "rollNo": "13"
  },
  {
    "id": "014",
    "img": "assets/images/user/user3.jpg",
    "gender": "male",
    "email": "test@email.com",
    "date": "2018-02-25T14:22:18Z",
    "department": "science",
    "mobile": "1234567890",
    "name": "Smita Parikh",
    "rollNo": "14"
  },
  {
    "id": "015",
    "img": "assets/images/user/user4.jpg",
    "gender": "female",
    "email": "test@email.com",
    "date": "2018-02-25T14:22:18Z",
    "department": "computer",
    "mobile": "1234567890",
    "name": "Jay Soni",
    "rollNo": "15"
  },
  {
    "id": "016",
    "img": "assets/images/user/user5.jpg",
    "gender": "male",
    "email": "test@email.com",
    "date": "2018-02-25T14:22:18Z",
    "department": "computer",
    "mobile": "1234567890",
    "name": "Pankaj Sinha",
    "rollNo": "16"
  }
]
